website,task_group,task_id,trajectory_index,correct,steps,score_value,score_key_used,tool,count
calendar,calendar_user_query,calendar_user_query_1243,36,False,14,1.5,score,computer_use:left_click,8
calendar,calendar_user_query,calendar_user_query_1243,36,False,14,1.5,score,computer_use:scroll,5
calendar,calendar_user_query,calendar_user_query_1243,36,False,14,1.5,score,computer_use:terminate,1
calendar,calendar_user_query,calendar_user_query_1243,69,True,10,2.3,score,computer_use:left_click,9
calendar,calendar_user_query,calendar_user_query_1243,69,True,10,2.3,score,computer_use:terminate,1
calendar,calendar_user_query,calendar_user_query_1243,70,False,19,0.9649122807017543,score,computer_use:left_click,18
calendar,calendar_user_query,calendar_user_query_1243,70,False,19,0.9649122807017543,score,computer_use:terminate,1
calendar,calendar_user_query,calendar_user_query_1243,71,False,16,0.8819444444444444,score,computer_use:left_click,15
calendar,calendar_user_query,calendar_user_query_1243,71,False,16,0.8819444444444444,score,computer_use:terminate,1
calendar,calendar_user_query,calendar_user_query_1243,101,True,14,3.2857142857142856,score,computer_use:left_click,10
calendar,calendar_user_query,calendar_user_query_1243,101,True,14,3.2857142857142856,score,computer_use:scroll,3
calendar,calendar_user_query,calendar_user_query_1243,101,True,14,3.2857142857142856,score,computer_use:terminate,1
calendar,calendar_user_query,calendar_user_query_1243,102,True,9,2.2222222222222223,score,computer_use:scroll,6
calendar,calendar_user_query,calendar_user_query_1243,102,True,9,2.2222222222222223,score,computer_use:left_click,2
calendar,calendar_user_query,calendar_user_query_1243,102,True,9,2.2222222222222223,score,computer_use:terminate,1
calendar,calendar_user_query,calendar_user_query_1243,131,True,8,2.0,score,computer_use:left_click,6
calendar,calendar_user_query,calendar_user_query_1243,131,True,8,2.0,score,computer_use:scroll,1
calendar,calendar_user_query,calendar_user_query_1243,131,True,8,2.0,score,computer_use:terminate,1
calendar,calendar_user_query,calendar_user_query_1243,132,True,15,2.2,score,computer_use:left_click,12
calendar,calendar_user_query,calendar_user_query_1243,132,True,15,2.2,score,computer_use:type,1
calendar,calendar_user_query,calendar_user_query_1243,132,True,15,2.2,score,computer_use:pause_and_memorize_fact,1
calendar,calendar_user_query,calendar_user_query_1243,132,True,15,2.2,score,computer_use:terminate,1
calendar,calendar_user_query,calendar_user_query_1243,166,False,15,0.0,score,computer_use:left_click,12
calendar,calendar_user_query,calendar_user_query_1243,166,False,15,0.0,score,computer_use:type,2
calendar,calendar_user_query,calendar_user_query_1243,166,False,15,0.0,score,computer_use:terminate,1
calendar,calendar_user_query,calendar_user_query_1243,167,True,3,3.0,score,computer_use:left_click,1
calendar,calendar_user_query,calendar_user_query_1243,167,True,3,3.0,score,computer_use:pause_and_memorize_fact,1
calendar,calendar_user_query,calendar_user_query_1243,167,True,3,3.0,score,computer_use:terminate,1
calendar,calendar_user_query,calendar_user_query_1243,195,False,12,1.8333333333333335,score,computer_use:left_click,10
calendar,calendar_user_query,calendar_user_query_1243,195,False,12,1.8333333333333335,score,computer_use:scroll,1
calendar,calendar_user_query,calendar_user_query_1243,195,False,12,1.8333333333333335,score,computer_use:terminate,1
calendar,calendar_user_query,calendar_user_query_1243,196,False,1,0.0,score,computer_use:terminate,1
calendar,calendar_user_query,calendar_user_query_1243,197,False,9,0.0,score,computer_use:left_click,8
calendar,calendar_user_query,calendar_user_query_1243,197,False,9,0.0,score,computer_use:terminate,1
calendar,calendar_user_query,calendar_user_query_1243,227,False,30,1.2666666666666666,score,computer_use:left_click,24
calendar,calendar_user_query,calendar_user_query_1243,227,False,30,1.2666666666666666,score,computer_use:visit_url,4
calendar,calendar_user_query,calendar_user_query_1243,227,False,30,1.2666666666666666,score,computer_use:key,2
calendar,calendar_user_query,calendar_user_query_1243,228,True,8,2.25,score,computer_use:scroll,5
calendar,calendar_user_query,calendar_user_query_1243,228,True,8,2.25,score,computer_use:left_click,2
calendar,calendar_user_query,calendar_user_query_1243,228,True,8,2.25,score,computer_use:terminate,1
calendar,calendar_user_query,calendar_user_query_1243,229,False,23,0.0,score,computer_use:left_click,9
calendar,calendar_user_query,calendar_user_query_1243,229,False,23,0.0,score,computer_use:scroll,6
calendar,calendar_user_query,calendar_user_query_1243,229,False,23,0.0,score,computer_use:type,3
calendar,calendar_user_query,calendar_user_query_1243,229,False,23,0.0,score,computer_use:visit_url,2
calendar,calendar_user_query,calendar_user_query_1243,229,False,23,0.0,score,computer_use:web_search,2
calendar,calendar_user_query,calendar_user_query_1243,229,False,23,0.0,score,computer_use:terminate,1
calendar,calendar_user_query,calendar_user_query_1422,2,True,17,2.4705882352941178,score,computer_use:left_click,15
calendar,calendar_user_query,calendar_user_query_1422,2,True,17,2.4705882352941178,score,computer_use:type,1
calendar,calendar_user_query,calendar_user_query_1422,2,True,17,2.4705882352941178,score,computer_use:terminate,1
calendar,calendar_user_query,calendar_user_query_1422,33,True,16,2.5625,score,computer_use:left_click,11
calendar,calendar_user_query,calendar_user_query_1422,33,True,16,2.5625,score,computer_use:type,4
calendar,calendar_user_query,calendar_user_query_1422,33,True,16,2.5625,score,computer_use:terminate,1
calendar,calendar_user_query,calendar_user_query_1422,34,True,26,2.6923076923076925,score,computer_use:left_click,20
calendar,calendar_user_query,calendar_user_query_1422,34,True,26,2.6923076923076925,score,computer_use:type,5
calendar,calendar_user_query,calendar_user_query_1422,34,True,26,2.6923076923076925,score,computer_use:terminate,1
calendar,calendar_user_query,calendar_user_query_1422,35,True,24,2.341666666666667,score,computer_use:left_click,18
calendar,calendar_user_query,calendar_user_query_1422,35,True,24,2.341666666666667,score,computer_use:type,3
calendar,calendar_user_query,calendar_user_query_1422,35,True,24,2.341666666666667,score,computer_use:scroll,1
calendar,calendar_user_query,calendar_user_query_1422,35,True,24,2.341666666666667,score,computer_use:key,1
calendar,calendar_user_query,calendar_user_query_1422,35,True,24,2.341666666666667,score,computer_use:terminate,1
calendar,calendar_user_query,calendar_user_query_1422,66,True,22,2.109090909090909,score,computer_use:left_click,15
calendar,calendar_user_query,calendar_user_query_1422,66,True,22,2.109090909090909,score,computer_use:type,6
calendar,calendar_user_query,calendar_user_query_1422,66,True,22,2.109090909090909,score,computer_use:terminate,1
calendar,calendar_user_query,calendar_user_query_1422,67,False,28,1.207142857142857,score,computer_use:left_click,17
calendar,calendar_user_query,calendar_user_query_1422,67,False,28,1.207142857142857,score,computer_use:type,5
calendar,calendar_user_query,calendar_user_query_1422,67,False,28,1.207142857142857,score,computer_use:scroll,3
calendar,calendar_user_query,calendar_user_query_1422,67,False,28,1.207142857142857,score,computer_use:mouse_move,1
calendar,calendar_user_query,calendar_user_query_1422,67,False,28,1.207142857142857,score,computer_use:key,1
calendar,calendar_user_query,calendar_user_query_1422,67,False,28,1.207142857142857,score,computer_use:terminate,1
calendar,calendar_user_query,calendar_user_query_1422,68,False,29,0.0,score,computer_use:visit_url,11
calendar,calendar_user_query,calendar_user_query_1422,68,False,29,0.0,score,computer_use:left_click,7
calendar,calendar_user_query,calendar_user_query_1422,68,False,29,0.0,score,computer_use:scroll,4
calendar,calendar_user_query,calendar_user_query_1422,68,False,29,0.0,score,computer_use:mouse_move,3
calendar,calendar_user_query,calendar_user_query_1422,68,False,29,0.0,score,computer_use:history_back,3
calendar,calendar_user_query,calendar_user_query_1422,68,False,29,0.0,score,computer_use:web_search,1
calendar,calendar_user_query,calendar_user_query_1422,98,False,11,1.2045454545454546,score,computer_use:left_click,8
calendar,calendar_user_query,calendar_user_query_1422,98,False,11,1.2045454545454546,score,computer_use:type,1
calendar,calendar_user_query,calendar_user_query_1422,98,False,11,1.2045454545454546,score,computer_use:scroll,1
calendar,calendar_user_query,calendar_user_query_1422,98,False,11,1.2045454545454546,score,computer_use:terminate,1
calendar,calendar_user_query,calendar_user_query_1422,99,False,15,0.0,score,computer_use:left_click,9
calendar,calendar_user_query,calendar_user_query_1422,99,False,15,0.0,score,computer_use:type,5
calendar,calendar_user_query,calendar_user_query_1422,99,False,15,0.0,score,computer_use:terminate,1
calendar,calendar_user_query,calendar_user_query_1422,100,True,24,2.217391304347826,score,computer_use:left_click,18
calendar,calendar_user_query,calendar_user_query_1422,100,True,24,2.217391304347826,score,computer_use:type,5
calendar,calendar_user_query,calendar_user_query_1422,100,True,24,2.217391304347826,score,computer_use:terminate,1
calendar,calendar_user_query,calendar_user_query_1422,129,True,30,2.3517241379310345,score,computer_use:left_click,24
calendar,calendar_user_query,calendar_user_query_1422,129,True,30,2.3517241379310345,score,computer_use:type,5
calendar,calendar_user_query,calendar_user_query_1422,129,True,30,2.3517241379310345,score,computer_use:terminate,1
calendar,calendar_user_query,calendar_user_query_1422,130,False,25,0.0,score,computer_use:left_click,16
calendar,calendar_user_query,calendar_user_query_1422,130,False,25,0.0,score,computer_use:scroll,4
calendar,calendar_user_query,calendar_user_query_1422,130,False,25,0.0,score,computer_use:type,3
calendar,calendar_user_query,calendar_user_query_1422,130,False,25,0.0,score,computer_use:key,1
calendar,calendar_user_query,calendar_user_query_1422,130,False,25,0.0,score,computer_use:terminate,1
calendar,calendar_user_query,calendar_user_query_1422,165,True,15,2.857142857142857,score,computer_use:left_click,10
calendar,calendar_user_query,calendar_user_query_1422,165,True,15,2.857142857142857,score,computer_use:type,4
calendar,calendar_user_query,calendar_user_query_1422,165,True,15,2.857142857142857,score,computer_use:terminate,1
calendar,calendar_user_query,calendar_user_query_1422,194,False,30,0.39166666666666666,score,computer_use:left_click,23
calendar,calendar_user_query,calendar_user_query_1422,194,False,30,0.39166666666666666,score,computer_use:scroll,5
calendar,calendar_user_query,calendar_user_query_1422,194,False,30,0.39166666666666666,score,computer_use:type,1
calendar,calendar_user_query,calendar_user_query_1422,194,False,30,0.39166666666666666,score,computer_use:mouse_move,1
calendar,calendar_user_query,calendar_user_query_1422,225,True,13,2.5384615384615383,score,computer_use:left_click,9
calendar,calendar_user_query,calendar_user_query_1422,225,True,13,2.5384615384615383,score,computer_use:type,3
calendar,calendar_user_query,calendar_user_query_1422,225,True,13,2.5384615384615383,score,computer_use:terminate,1
calendar,calendar_user_query,calendar_user_query_1422,226,False,20,1.0166666666666666,score,computer_use:left_click,10
calendar,calendar_user_query,calendar_user_query_1422,226,False,20,1.0166666666666666,score,computer_use:visit_url,4
calendar,calendar_user_query,calendar_user_query_1422,226,False,20,1.0166666666666666,score,computer_use:type,2
calendar,calendar_user_query,calendar_user_query_1422,226,False,20,1.0166666666666666,score,computer_use:web_search,2
calendar,calendar_user_query,calendar_user_query_1422,226,False,20,1.0166666666666666,score,computer_use:scroll,1
calendar,calendar_user_query,calendar_user_query_1422,226,False,20,1.0166666666666666,score,computer_use:terminate,1
calendar,calendar_user_query,calendar_user_query_1442,25,False,7,0.42857142857142855,score,computer_use:left_click,5
calendar,calendar_user_query,calendar_user_query_1442,25,False,7,0.42857142857142855,score,computer_use:scroll,1
calendar,calendar_user_query,calendar_user_query_1442,25,False,7,0.42857142857142855,score,computer_use:terminate,1
calendar,calendar_user_query,calendar_user_query_1442,55,True,4,2.0,score,computer_use:pause_and_memorize_fact,2
calendar,calendar_user_query,calendar_user_query_1442,55,True,4,2.0,score,computer_use:left_click,1
calendar,calendar_user_query,calendar_user_query_1442,55,True,4,2.0,score,computer_use:terminate,1
calendar,calendar_user_query,calendar_user_query_1442,89,False,18,0.0,score,computer_use:left_click,11
calendar,calendar_user_query,calendar_user_query_1442,89,False,18,0.0,score,computer_use:mouse_move,4
calendar,calendar_user_query,calendar_user_query_1442,89,False,18,0.0,score,computer_use:pause_and_memorize_fact,2
calendar,calendar_user_query,calendar_user_query_1442,89,False,18,0.0,score,computer_use:terminate,1
calendar,calendar_user_query,calendar_user_query_1442,90,False,3,1.380952380952381,score,computer_use:left_click,2
calendar,calendar_user_query,calendar_user_query_1442,90,False,3,1.380952380952381,score,computer_use:terminate,1
calendar,calendar_user_query,calendar_user_query_1442,91,True,7,3.571428571428571,score,computer_use:left_click,3
calendar,calendar_user_query,calendar_user_query_1442,91,True,7,3.571428571428571,score,computer_use:scroll,2
calendar,calendar_user_query,calendar_user_query_1442,91,True,7,3.571428571428571,score,computer_use:pause_and_memorize_fact,1
calendar,calendar_user_query,calendar_user_query_1442,91,True,7,3.571428571428571,score,computer_use:terminate,1
calendar,calendar_user_query,calendar_user_query_1442,92,False,4,1.75,score,computer_use:left_click,2
calendar,calendar_user_query,calendar_user_query_1442,92,False,4,1.75,score,computer_use:pause_and_memorize_fact,1
calendar,calendar_user_query,calendar_user_query_1442,92,False,4,1.75,score,computer_use:terminate,1
calendar,calendar_user_query,calendar_user_query_1442,93,True,9,2.7777777777777777,score,computer_use:left_click,3
calendar,calendar_user_query,calendar_user_query_1442,93,True,9,2.7777777777777777,score,computer_use:scroll,3
calendar,calendar_user_query,calendar_user_query_1442,93,True,9,2.7777777777777777,score,computer_use:pause_and_memorize_fact,2
calendar,calendar_user_query,calendar_user_query_1442,93,True,9,2.7777777777777777,score,computer_use:terminate,1
calendar,calendar_user_query,calendar_user_query_1442,122,True,3,4.0,score,computer_use:left_click,1
calendar,calendar_user_query,calendar_user_query_1442,122,True,3,4.0,score,computer_use:scroll,1
calendar,calendar_user_query,calendar_user_query_1442,122,True,3,4.0,score,computer_use:terminate,1
calendar,calendar_user_query,calendar_user_query_1442,123,True,7,2.857142857142857,score,computer_use:left_click,6
calendar,calendar_user_query,calendar_user_query_1442,123,True,7,2.857142857142857,score,computer_use:terminate,1
calendar,calendar_user_query,calendar_user_query_1442,151,True,4,3.55,score,computer_use:scroll,2
calendar,calendar_user_query,calendar_user_query_1442,151,True,4,3.55,score,computer_use:left_click,1
calendar,calendar_user_query,calendar_user_query_1442,151,True,4,3.55,score,computer_use:terminate,1
calendar,calendar_user_query,calendar_user_query_1442,152,True,8,2.357142857142857,score,computer_use:left_click,3
calendar,calendar_user_query,calendar_user_query_1442,152,True,8,2.357142857142857,score,computer_use:scroll,3
calendar,calendar_user_query,calendar_user_query_1442,152,True,8,2.357142857142857,score,computer_use:pause_and_memorize_fact,1
calendar,calendar_user_query,calendar_user_query_1442,152,True,8,2.357142857142857,score,computer_use:terminate,1
calendar,calendar_user_query,calendar_user_query_1442,211,True,3,3.0,score,computer_use:left_click,1
calendar,calendar_user_query,calendar_user_query_1442,211,True,3,3.0,score,computer_use:scroll,1
calendar,calendar_user_query,calendar_user_query_1442,211,True,3,3.0,score,computer_use:terminate,1
calendar,calendar_user_query,calendar_user_query_1442,212,True,3,2.0,score,computer_use:left_click,1
calendar,calendar_user_query,calendar_user_query_1442,212,True,3,2.0,score,computer_use:type,1
calendar,calendar_user_query,calendar_user_query_1442,212,True,3,2.0,score,computer_use:terminate,1
calendar,calendar_user_query,calendar_user_query_1442,213,False,6,1.380952380952381,score,computer_use:scroll,4
calendar,calendar_user_query,calendar_user_query_1442,213,False,6,1.380952380952381,score,computer_use:pause_and_memorize_fact,1
calendar,calendar_user_query,calendar_user_query_1442,213,False,6,1.380952380952381,score,computer_use:terminate,1
calendar,calendar_user_query,calendar_user_query_1442,214,True,8,2.5,score,computer_use:left_click,6
calendar,calendar_user_query,calendar_user_query_1442,214,True,8,2.5,score,computer_use:scroll,1
calendar,calendar_user_query,calendar_user_query_1442,214,True,8,2.5,score,computer_use:terminate,1
calendar,calendar_user_query,calendar_user_query_1442,249,True,4,3.75,score,computer_use:left_click,1
calendar,calendar_user_query,calendar_user_query_1442,249,True,4,3.75,score,computer_use:pause_and_memorize_fact,1
calendar,calendar_user_query,calendar_user_query_1442,249,True,4,3.75,score,computer_use:mouse_move,1
calendar,calendar_user_query,calendar_user_query_1442,249,True,4,3.75,score,computer_use:terminate,1
calendar,calendar_user_query,calendar_user_query_1685,24,True,12,3.1666666666666665,score,computer_use:left_click,8
calendar,calendar_user_query,calendar_user_query_1685,24,True,12,3.1666666666666665,score,computer_use:scroll,2
calendar,calendar_user_query,calendar_user_query_1685,24,True,12,3.1666666666666665,score,computer_use:mouse_move,1
calendar,calendar_user_query,calendar_user_query_1685,24,True,12,3.1666666666666665,score,computer_use:terminate,1
calendar,calendar_user_query,calendar_user_query_1685,88,False,13,0.7019230769230769,score,computer_use:visit_url,5
calendar,calendar_user_query,calendar_user_query_1685,88,False,13,0.7019230769230769,score,computer_use:left_click,4
calendar,calendar_user_query,calendar_user_query_1685,88,False,13,0.7019230769230769,score,computer_use:web_search,2
calendar,calendar_user_query,calendar_user_query_1685,88,False,13,0.7019230769230769,score,computer_use:scroll,1
calendar,calendar_user_query,calendar_user_query_1685,88,False,13,0.7019230769230769,score,computer_use:terminate,1
calendar,calendar_user_query,calendar_user_query_1685,118,False,19,1.263157894736842,score,computer_use:left_click,16
calendar,calendar_user_query,calendar_user_query_1685,118,False,19,1.263157894736842,score,computer_use:scroll,2
calendar,calendar_user_query,calendar_user_query_1685,118,False,19,1.263157894736842,score,computer_use:terminate,1
calendar,calendar_user_query,calendar_user_query_1685,119,False,16,0.0,score,computer_use:left_click,10
calendar,calendar_user_query,calendar_user_query_1685,119,False,16,0.0,score,computer_use:key,1
calendar,calendar_user_query,calendar_user_query_1685,119,False,16,0.0,score,computer_use:type,1
calendar,calendar_user_query,calendar_user_query_1685,119,False,16,0.0,score,computer_use:web_search,1
calendar,calendar_user_query,calendar_user_query_1685,119,False,16,0.0,score,computer_use:pause_and_memorize_fact,1
calendar,calendar_user_query,calendar_user_query_1685,119,False,16,0.0,score,computer_use:visit_url,1
calendar,calendar_user_query,calendar_user_query_1685,119,False,16,0.0,score,computer_use:terminate,1
calendar,calendar_user_query,calendar_user_query_1685,120,False,30,0.06666666666666667,score,computer_use:visit_url,19
calendar,calendar_user_query,calendar_user_query_1685,120,False,30,0.06666666666666667,score,computer_use:left_click,5
calendar,calendar_user_query,calendar_user_query_1685,120,False,30,0.06666666666666667,score,computer_use:web_search,4
calendar,calendar_user_query,calendar_user_query_1685,120,False,30,0.06666666666666667,score,computer_use:history_back,2
calendar,calendar_user_query,calendar_user_query_1685,121,False,3,0.0,score,computer_use:scroll,2
calendar,calendar_user_query,calendar_user_query_1685,121,False,3,0.0,score,computer_use:left_click,1
calendar,calendar_user_query,calendar_user_query_1685,149,False,1,0.875,score,computer_use:terminate,1
calendar,calendar_user_query,calendar_user_query_1685,150,True,19,2.957894736842105,score,computer_use:left_click,15
calendar,calendar_user_query,calendar_user_query_1685,150,True,19,2.957894736842105,score,computer_use:web_search,1
calendar,calendar_user_query,calendar_user_query_1685,150,True,19,2.957894736842105,score,computer_use:visit_url,1
calendar,calendar_user_query,calendar_user_query_1685,150,True,19,2.957894736842105,score,computer_use:key,1
calendar,calendar_user_query,calendar_user_query_1685,150,True,19,2.957894736842105,score,computer_use:terminate,1
calendar,calendar_user_query,calendar_user_query_1685,183,False,14,0.0,score,computer_use:left_click,9
calendar,calendar_user_query,calendar_user_query_1685,183,False,14,0.0,score,computer_use:mouse_move,3
calendar,calendar_user_query,calendar_user_query_1685,183,False,14,0.0,score,computer_use:key,1
calendar,calendar_user_query,calendar_user_query_1685,183,False,14,0.0,score,computer_use:terminate,1
calendar,calendar_user_query,calendar_user_query_1685,184,True,12,2.25,score,computer_use:left_click,10
calendar,calendar_user_query,calendar_user_query_1685,184,True,12,2.25,score,computer_use:mouse_move,1
calendar,calendar_user_query,calendar_user_query_1685,184,True,12,2.25,score,computer_use:terminate,1
calendar,calendar_user_query,calendar_user_query_1685,185,False,13,1.9615384615384617,score,computer_use:left_click,7
calendar,calendar_user_query,calendar_user_query_1685,185,False,13,1.9615384615384617,score,computer_use:pause_and_memorize_fact,4
calendar,calendar_user_query,calendar_user_query_1685,185,False,13,1.9615384615384617,score,computer_use:scroll,1
calendar,calendar_user_query,calendar_user_query_1685,185,False,13,1.9615384615384617,score,computer_use:terminate,1
calendar,calendar_user_query,calendar_user_query_1685,208,False,19,0.0,score,computer_use:left_click,13
calendar,calendar_user_query,calendar_user_query_1685,208,False,19,0.0,score,computer_use:type,3
calendar,calendar_user_query,calendar_user_query_1685,208,False,19,0.0,score,computer_use:visit_url,2
calendar,calendar_user_query,calendar_user_query_1685,208,False,19,0.0,score,computer_use:terminate,1
calendar,calendar_user_query,calendar_user_query_1685,209,False,10,1.075,score,computer_use:left_click,5
calendar,calendar_user_query,calendar_user_query_1685,209,False,10,1.075,score,computer_use:key,2
calendar,calendar_user_query,calendar_user_query_1685,209,False,10,1.075,score,computer_use:pause_and_memorize_fact,1
calendar,calendar_user_query,calendar_user_query_1685,209,False,10,1.075,score,computer_use:visit_url,1
calendar,calendar_user_query,calendar_user_query_1685,209,False,10,1.075,score,computer_use:terminate,1
calendar,calendar_user_query,calendar_user_query_1685,210,True,4,3.75,score,computer_use:left_click,1
calendar,calendar_user_query,calendar_user_query_1685,210,True,4,3.75,score,computer_use:mouse_move,1
calendar,calendar_user_query,calendar_user_query_1685,210,True,4,3.75,score,computer_use:key,1
calendar,calendar_user_query,calendar_user_query_1685,210,True,4,3.75,score,computer_use:terminate,1
calendar,calendar_user_query,calendar_user_query_1685,247,False,12,0.0,score,computer_use:left_click,10
calendar,calendar_user_query,calendar_user_query_1685,247,False,12,0.0,score,computer_use:pause_and_memorize_fact,1
calendar,calendar_user_query,calendar_user_query_1685,247,False,12,0.0,score,computer_use:terminate,1
calendar,calendar_user_query,calendar_user_query_1685,248,False,12,0.6136363636363636,score,computer_use:left_click,8
calendar,calendar_user_query,calendar_user_query_1685,248,False,12,0.6136363636363636,score,computer_use:pause_and_memorize_fact,1
calendar,calendar_user_query,calendar_user_query_1685,248,False,12,0.6136363636363636,score,computer_use:web_search,1
calendar,calendar_user_query,calendar_user_query_1685,248,False,12,0.6136363636363636,score,computer_use:history_back,1
calendar,calendar_user_query,calendar_user_query_1685,248,False,12,0.6136363636363636,score,computer_use:terminate,1
calendar,calendar_user_query,calendar_user_query_1774,26,False,10,1.775,score,computer_use:left_click,5
calendar,calendar_user_query,calendar_user_query_1774,26,False,10,1.775,score,computer_use:web_search,2
calendar,calendar_user_query,calendar_user_query_1774,26,False,10,1.775,score,computer_use:history_back,2
calendar,calendar_user_query,calendar_user_query_1774,26,False,10,1.775,score,computer_use:terminate,1
calendar,calendar_user_query,calendar_user_query_1774,56,False,10,0.8,score,computer_use:left_click,9
calendar,calendar_user_query,calendar_user_query_1774,56,False,10,0.8,score,computer_use:terminate,1
calendar,calendar_user_query,calendar_user_query_1774,57,True,5,2.4,score,computer_use:left_click,2
calendar,calendar_user_query,calendar_user_query_1774,57,True,5,2.4,score,computer_use:scroll,2
calendar,calendar_user_query,calendar_user_query_1774,57,True,5,2.4,score,computer_use:terminate,1
calendar,calendar_user_query,calendar_user_query_1774,58,True,7,3.1607142857142856,score,computer_use:left_click,4
calendar,calendar_user_query,calendar_user_query_1774,58,True,7,3.1607142857142856,score,computer_use:scroll,2
calendar,calendar_user_query,calendar_user_query_1774,58,True,7,3.1607142857142856,score,computer_use:terminate,1
calendar,calendar_user_query,calendar_user_query_1774,124,False,6,0.39285714285714285,score,computer_use:left_click,3
calendar,calendar_user_query,calendar_user_query_1774,124,False,6,0.39285714285714285,score,computer_use:scroll,2
calendar,calendar_user_query,calendar_user_query_1774,124,False,6,0.39285714285714285,score,computer_use:web_search,1
calendar,calendar_user_query,calendar_user_query_1774,153,False,6,0.8,score,computer_use:left_click,4
calendar,calendar_user_query,calendar_user_query_1774,153,False,6,0.8,score,computer_use:pause_and_memorize_fact,1
calendar,calendar_user_query,calendar_user_query_1774,153,False,6,0.8,score,computer_use:web_search,1
calendar,calendar_user_query,calendar_user_query_1774,154,False,19,1.0877192982456139,score,computer_use:left_click,8
calendar,calendar_user_query,calendar_user_query_1774,154,False,19,1.0877192982456139,score,computer_use:web_search,5
calendar,calendar_user_query,calendar_user_query_1774,154,False,19,1.0877192982456139,score,computer_use:scroll,2
calendar,calendar_user_query,calendar_user_query_1774,154,False,19,1.0877192982456139,score,computer_use:history_back,2
calendar,calendar_user_query,calendar_user_query_1774,154,False,19,1.0877192982456139,score,computer_use:visit_url,1
calendar,calendar_user_query,calendar_user_query_1774,154,False,19,1.0877192982456139,score,computer_use:terminate,1
calendar,calendar_user_query,calendar_user_query_1774,186,False,14,0.5142857142857142,score,computer_use:scroll,5
calendar,calendar_user_query,calendar_user_query_1774,186,False,14,0.5142857142857142,score,computer_use:left_click,4
calendar,calendar_user_query,calendar_user_query_1774,186,False,14,0.5142857142857142,score,computer_use:web_search,4
calendar,calendar_user_query,calendar_user_query_1774,186,False,14,0.5142857142857142,score,computer_use:terminate,1
calendar,calendar_user_query,calendar_user_query_1774,187,False,21,0.0,score,computer_use:left_click,8
calendar,calendar_user_query,calendar_user_query_1774,187,False,21,0.0,score,computer_use:web_search,7
calendar,calendar_user_query,calendar_user_query_1774,187,False,21,0.0,score,computer_use:visit_url,6
calendar,calendar_user_query,calendar_user_query_1774,215,True,9,3.0,score,computer_use:left_click,3
calendar,calendar_user_query,calendar_user_query_1774,215,True,9,3.0,score,computer_use:scroll,2
calendar,calendar_user_query,calendar_user_query_1774,215,True,9,3.0,score,computer_use:web_search,2
calendar,calendar_user_query,calendar_user_query_1774,215,True,9,3.0,score,computer_use:pause_and_memorize_fact,1
calendar,calendar_user_query,calendar_user_query_1774,215,True,9,3.0,score,computer_use:terminate,1
calendar,calendar_user_query,calendar_user_query_1774,216,False,15,1.0666666666666667,score,computer_use:web_search,7
calendar,calendar_user_query,calendar_user_query_1774,216,False,15,1.0666666666666667,score,computer_use:left_click,3
calendar,calendar_user_query,calendar_user_query_1774,216,False,15,1.0666666666666667,score,computer_use:history_back,3
calendar,calendar_user_query,calendar_user_query_1774,216,False,15,1.0666666666666667,score,computer_use:visit_url,2
calendar,calendar_user_query,calendar_user_query_1774,217,False,9,0.5833333333333333,score,computer_use:left_click,4
calendar,calendar_user_query,calendar_user_query_1774,217,False,9,0.5833333333333333,score,computer_use:scroll,2
calendar,calendar_user_query,calendar_user_query_1774,217,False,9,0.5833333333333333,score,computer_use:web_search,2
calendar,calendar_user_query,calendar_user_query_1774,217,False,9,0.5833333333333333,score,computer_use:terminate,1
calendar,calendar_user_query,calendar_user_query_1774,218,False,20,1.65,score,computer_use:scroll,11
calendar,calendar_user_query,calendar_user_query_1774,218,False,20,1.65,score,computer_use:left_click,8
calendar,calendar_user_query,calendar_user_query_1774,218,False,20,1.65,score,computer_use:terminate,1
calendar,calendar_user_query,calendar_user_query_1774,250,True,4,2.75,score,computer_use:left_click,3
calendar,calendar_user_query,calendar_user_query_1774,250,True,4,2.75,score,computer_use:terminate,1
calendar,calendar_user_query,calendar_user_query_1774,251,False,7,0.6607142857142857,score,computer_use:left_click,5
calendar,calendar_user_query,calendar_user_query_1774,251,False,7,0.6607142857142857,score,computer_use:scroll,1
calendar,calendar_user_query,calendar_user_query_1774,251,False,7,0.6607142857142857,score,computer_use:terminate,1
calendar,calendar_user_query,calendar_user_query_1774,252,False,4,1.75,score,computer_use:left_click,3
calendar,calendar_user_query,calendar_user_query_1774,252,False,4,1.75,score,computer_use:terminate,1
calendar,calendar_user_query,calendar_user_query_217,20,False,9,0.4722222222222222,score,computer_use:left_click,6
calendar,calendar_user_query,calendar_user_query_217,20,False,9,0.4722222222222222,score,computer_use:scroll,1
calendar,calendar_user_query,calendar_user_query_217,20,False,9,0.4722222222222222,score,computer_use:web_search,1
calendar,calendar_user_query,calendar_user_query_217,20,False,9,0.4722222222222222,score,computer_use:terminate,1
calendar,calendar_user_query,calendar_user_query_217,48,True,15,2.466666666666667,score,computer_use:left_click,9
calendar,calendar_user_query,calendar_user_query_217,48,True,15,2.466666666666667,score,computer_use:scroll,3
calendar,calendar_user_query,calendar_user_query_217,48,True,15,2.466666666666667,score,computer_use:mouse_move,2
calendar,calendar_user_query,calendar_user_query_217,48,True,15,2.466666666666667,score,computer_use:terminate,1
calendar,calendar_user_query,calendar_user_query_217,49,False,14,0.5238095238095238,score,computer_use:left_click,11
calendar,calendar_user_query,calendar_user_query_217,49,False,14,0.5238095238095238,score,computer_use:visit_url,2
calendar,calendar_user_query,calendar_user_query_217,49,False,14,0.5238095238095238,score,computer_use:terminate,1
calendar,calendar_user_query,calendar_user_query_217,50,False,8,1.0714285714285714,score,computer_use:left_click,4
calendar,calendar_user_query,calendar_user_query_217,50,False,8,1.0714285714285714,score,computer_use:web_search,2
calendar,calendar_user_query,calendar_user_query_217,50,False,8,1.0714285714285714,score,computer_use:visit_url,1
calendar,calendar_user_query,calendar_user_query_217,50,False,8,1.0714285714285714,score,computer_use:terminate,1
calendar,calendar_user_query,calendar_user_query_217,51,False,18,0.7,score,computer_use:left_click,14
calendar,calendar_user_query,calendar_user_query_217,51,False,18,0.7,score,computer_use:type,3
calendar,calendar_user_query,calendar_user_query_217,51,False,18,0.7,score,computer_use:terminate,1
calendar,calendar_user_query,calendar_user_query_217,52,False,30,0.2011494252873563,score,computer_use:left_click,24
calendar,calendar_user_query,calendar_user_query_217,52,False,30,0.2011494252873563,score,computer_use:key,2
calendar,calendar_user_query,calendar_user_query_217,52,False,30,0.2011494252873563,score,computer_use:mouse_move,2
calendar,calendar_user_query,calendar_user_query_217,52,False,30,0.2011494252873563,score,computer_use:type,2
calendar,calendar_user_query,calendar_user_query_217,86,False,7,1.2142857142857144,score,computer_use:left_click,5
calendar,calendar_user_query,calendar_user_query_217,86,False,7,1.2142857142857144,score,computer_use:scroll,1
calendar,calendar_user_query,calendar_user_query_217,86,False,7,1.2142857142857144,score,computer_use:terminate,1
calendar,calendar_user_query,calendar_user_query_217,87,False,17,1.125,score,computer_use:left_click,8
calendar,calendar_user_query,calendar_user_query_217,87,False,17,1.125,score,computer_use:web_search,5
calendar,calendar_user_query,calendar_user_query_217,87,False,17,1.125,score,computer_use:visit_url,3
calendar,calendar_user_query,calendar_user_query_217,87,False,17,1.125,score,computer_use:terminate,1
calendar,calendar_user_query,calendar_user_query_217,112,False,9,0.0,score,computer_use:left_click,7
calendar,calendar_user_query,calendar_user_query_217,112,False,9,0.0,score,computer_use:type,1
calendar,calendar_user_query,calendar_user_query_217,112,False,9,0.0,score,computer_use:terminate,1
calendar,calendar_user_query,calendar_user_query_217,113,True,5,2.8,score,computer_use:left_click,2
calendar,calendar_user_query,calendar_user_query_217,113,True,5,2.8,score,computer_use:type,1
calendar,calendar_user_query,calendar_user_query_217,113,True,5,2.8,score,computer_use:pause_and_memorize_fact,1
calendar,calendar_user_query,calendar_user_query_217,113,True,5,2.8,score,computer_use:terminate,1
calendar,calendar_user_query,calendar_user_query_217,144,False,13,0.5769230769230769,score,computer_use:left_click,9
calendar,calendar_user_query,calendar_user_query_217,144,False,13,0.5769230769230769,score,computer_use:web_search,2
calendar,calendar_user_query,calendar_user_query_217,144,False,13,0.5769230769230769,score,computer_use:visit_url,1
calendar,calendar_user_query,calendar_user_query_217,144,False,13,0.5769230769230769,score,computer_use:terminate,1
calendar,calendar_user_query,calendar_user_query_217,145,False,7,1.4126984126984126,score,computer_use:left_click,3
calendar,calendar_user_query,calendar_user_query_217,145,False,7,1.4126984126984126,score,computer_use:mouse_move,2
calendar,calendar_user_query,calendar_user_query_217,145,False,7,1.4126984126984126,score,computer_use:scroll,1
calendar,calendar_user_query,calendar_user_query_217,145,False,7,1.4126984126984126,score,computer_use:terminate,1
calendar,calendar_user_query,calendar_user_query_217,180,True,5,2.2,score,computer_use:left_click,3
calendar,calendar_user_query,calendar_user_query_217,180,True,5,2.2,score,computer_use:pause_and_memorize_fact,1
calendar,calendar_user_query,calendar_user_query_217,180,True,5,2.2,score,computer_use:terminate,1
calendar,calendar_user_query,calendar_user_query_217,181,False,1,0.5,score,computer_use:terminate,1
calendar,calendar_user_query,calendar_user_query_217,206,False,6,1.7083333333333333,score,computer_use:left_click,4
calendar,calendar_user_query,calendar_user_query_217,206,False,6,1.7083333333333333,score,computer_use:mouse_move,1
calendar,calendar_user_query,calendar_user_query_217,206,False,6,1.7083333333333333,score,computer_use:terminate,1
calendar,calendar_user_query,calendar_user_query_217,244,False,16,0.4375,score,computer_use:left_click,9
calendar,calendar_user_query,calendar_user_query_217,244,False,16,0.4375,score,computer_use:type,2
calendar,calendar_user_query,calendar_user_query_217,244,False,16,0.4375,score,computer_use:visit_url,2
calendar,calendar_user_query,calendar_user_query_217,244,False,16,0.4375,score,computer_use:mouse_move,1
calendar,calendar_user_query,calendar_user_query_217,244,False,16,0.4375,score,computer_use:web_search,1
calendar,calendar_user_query,calendar_user_query_217,244,False,16,0.4375,score,computer_use:terminate,1
calendar,calendar_user_query,calendar_user_query_587,3,True,1,2.0,score,computer_use:terminate,1
calendar,calendar_user_query,calendar_user_query_587,4,True,1,2.0,score,computer_use:terminate,1
calendar,calendar_user_query,calendar_user_query_587,5,True,5,2.4,score,computer_use:left_click,3
calendar,calendar_user_query,calendar_user_query_587,5,True,5,2.4,score,computer_use:pause_and_memorize_fact,1
calendar,calendar_user_query,calendar_user_query_587,5,True,5,2.4,score,computer_use:terminate,1
calendar,calendar_user_query,calendar_user_query_587,37,True,2,3.0,score,computer_use:pause_and_memorize_fact,1
calendar,calendar_user_query,calendar_user_query_587,37,True,2,3.0,score,computer_use:terminate,1
calendar,calendar_user_query,calendar_user_query_587,38,True,1,2.0,score,computer_use:terminate,1
calendar,calendar_user_query,calendar_user_query_587,39,True,4,2.5,score,computer_use:left_click,2
calendar,calendar_user_query,calendar_user_query_587,39,True,4,2.5,score,computer_use:pause_and_memorize_fact,1
calendar,calendar_user_query,calendar_user_query_587,39,True,4,2.5,score,computer_use:terminate,1
calendar,calendar_user_query,calendar_user_query_587,72,False,3,1.8333333333333335,score,computer_use:pause_and_memorize_fact,1
calendar,calendar_user_query,calendar_user_query_587,72,False,3,1.8333333333333335,score,computer_use:left_click,1
calendar,calendar_user_query,calendar_user_query_587,72,False,3,1.8333333333333335,score,computer_use:terminate,1
calendar,calendar_user_query,calendar_user_query_587,73,True,4,2.25,score,computer_use:left_click,2
calendar,calendar_user_query,calendar_user_query_587,73,True,4,2.25,score,computer_use:pause_and_memorize_fact,1
calendar,calendar_user_query,calendar_user_query_587,73,True,4,2.25,score,computer_use:terminate,1
calendar,calendar_user_query,calendar_user_query_587,103,True,3,2.0,score,computer_use:left_click,2
calendar,calendar_user_query,calendar_user_query_587,103,True,3,2.0,score,computer_use:terminate,1
calendar,calendar_user_query,calendar_user_query_587,168,True,1,4.0,score,computer_use:terminate,1
calendar,calendar_user_query,calendar_user_query_587,169,True,3,3.3333333333333335,score,computer_use:pause_and_memorize_fact,1
calendar,calendar_user_query,calendar_user_query_587,169,True,3,3.3333333333333335,score,computer_use:left_click,1
calendar,calendar_user_query,calendar_user_query_587,169,True,3,3.3333333333333335,score,computer_use:terminate,1
calendar,calendar_user_query,calendar_user_query_587,170,True,1,2.0,score,computer_use:terminate,1
calendar,calendar_user_query,calendar_user_query_587,198,True,4,3.75,score,computer_use:scroll,2
calendar,calendar_user_query,calendar_user_query_587,198,True,4,3.75,score,computer_use:left_click,1
calendar,calendar_user_query,calendar_user_query_587,198,True,4,3.75,score,computer_use:terminate,1
calendar,calendar_user_query,calendar_user_query_587,199,True,1,4.0,score,computer_use:terminate,1
calendar,calendar_user_query,calendar_user_query_587,230,False,1,1.0,score,computer_use:terminate,1
calendar,calendar_user_query,calendar_user_query_587,231,True,3,2.3333333333333335,score,computer_use:pause_and_memorize_fact,1
calendar,calendar_user_query,calendar_user_query_587,231,True,3,2.3333333333333335,score,computer_use:left_click,1
calendar,calendar_user_query,calendar_user_query_587,231,True,3,2.3333333333333335,score,computer_use:terminate,1
calendar,calendar_user_query,calendar_user_query_85,10,True,4,2.0,score,computer_use:web_search,1
calendar,calendar_user_query,calendar_user_query_85,10,True,4,2.0,score,computer_use:left_click,1
calendar,calendar_user_query,calendar_user_query_85,10,True,4,2.0,score,computer_use:pause_and_memorize_fact,1
calendar,calendar_user_query,calendar_user_query_85,10,True,4,2.0,score,computer_use:terminate,1
calendar,calendar_user_query,calendar_user_query_85,11,True,1,2.0,score,computer_use:terminate,1
calendar,calendar_user_query,calendar_user_query_85,42,True,3,3.0,score,computer_use:pause_and_memorize_fact,1
calendar,calendar_user_query,calendar_user_query_85,42,True,3,3.0,score,computer_use:web_search,1
calendar,calendar_user_query,calendar_user_query_85,42,True,3,3.0,score,computer_use:terminate,1
calendar,calendar_user_query,calendar_user_query_85,43,True,3,2.3333333333333335,score,computer_use:pause_and_memorize_fact,1
calendar,calendar_user_query,calendar_user_query_85,43,True,3,2.3333333333333335,score,computer_use:left_click,1
calendar,calendar_user_query,calendar_user_query_85,43,True,3,2.3333333333333335,score,computer_use:terminate,1
calendar,calendar_user_query,calendar_user_query_85,76,True,1,2.0,score,computer_use:terminate,1
calendar,calendar_user_query,calendar_user_query_85,104,False,5,0.0,score,computer_use:left_click,2
calendar,calendar_user_query,calendar_user_query_85,104,False,5,0.0,score,computer_use:scroll,2
calendar,calendar_user_query,calendar_user_query_85,104,False,5,0.0,score,computer_use:terminate,1
calendar,calendar_user_query,calendar_user_query_85,105,True,4,4.0,score,computer_use:type,1
calendar,calendar_user_query,calendar_user_query_85,105,True,4,4.0,score,computer_use:left_click,1
calendar,calendar_user_query,calendar_user_query_85,105,True,4,4.0,score,computer_use:pause_and_memorize_fact,1
calendar,calendar_user_query,calendar_user_query_85,105,True,4,4.0,score,computer_use:terminate,1
calendar,calendar_user_query,calendar_user_query_85,106,True,1,2.0,score,computer_use:terminate,1
calendar,calendar_user_query,calendar_user_query_85,107,False,1,1.0,score,computer_use:terminate,1
calendar,calendar_user_query,calendar_user_query_85,135,True,1,2.0,score,computer_use:terminate,1
calendar,calendar_user_query,calendar_user_query_85,136,True,1,4.0,score,computer_use:terminate,1
calendar,calendar_user_query,calendar_user_query_85,137,True,3,4.0,score,computer_use:left_click,1
calendar,calendar_user_query,calendar_user_query_85,137,True,3,4.0,score,computer_use:pause_and_memorize_fact,1
calendar,calendar_user_query,calendar_user_query_85,137,True,3,4.0,score,computer_use:terminate,1
calendar,calendar_user_query,calendar_user_query_85,138,True,3,2.0,score,computer_use:pause_and_memorize_fact,1
calendar,calendar_user_query,calendar_user_query_85,138,True,3,2.0,score,computer_use:left_click,1
calendar,calendar_user_query,calendar_user_query_85,138,True,3,2.0,score,computer_use:terminate,1
calendar,calendar_user_query,calendar_user_query_85,173,True,3,3.0,score,computer_use:type,1
calendar,calendar_user_query,calendar_user_query_85,173,True,3,3.0,score,computer_use:pause_and_memorize_fact,1
calendar,calendar_user_query,calendar_user_query_85,173,True,3,3.0,score,computer_use:terminate,1
calendar,calendar_user_query,calendar_user_query_85,202,True,3,2.3333333333333335,score,computer_use:left_click,1
calendar,calendar_user_query,calendar_user_query_85,202,True,3,2.3333333333333335,score,computer_use:type,1
calendar,calendar_user_query,calendar_user_query_85,202,True,3,2.3333333333333335,score,computer_use:terminate,1
calendar,calendar_user_query,calendar_user_query_85,203,True,4,2.25,score,computer_use:pause_and_memorize_fact,2
calendar,calendar_user_query,calendar_user_query_85,203,True,4,2.25,score,computer_use:left_click,1
calendar,calendar_user_query,calendar_user_query_85,203,True,4,2.25,score,computer_use:terminate,1
email,email_user_query,email_user_query_1103,21,True,6,3.8333333333333335,score,computer_use:type,3
email,email_user_query,email_user_query_1103,21,True,6,3.8333333333333335,score,computer_use:left_click,2
email,email_user_query,email_user_query_1103,21,True,6,3.8333333333333335,score,computer_use:terminate,1
email,email_user_query,email_user_query_1103,22,False,6,1.6666666666666665,score,computer_use:type,3
email,email_user_query,email_user_query_1103,22,False,6,1.6666666666666665,score,computer_use:left_click,2
email,email_user_query,email_user_query_1103,22,False,6,1.6666666666666665,score,computer_use:terminate,1
email,email_user_query,email_user_query_1103,23,False,9,1.5555555555555556,score,computer_use:left_click,5
email,email_user_query,email_user_query_1103,23,False,9,1.5555555555555556,score,computer_use:type,3
email,email_user_query,email_user_query_1103,23,False,9,1.5555555555555556,score,computer_use:terminate,1
email,email_user_query,email_user_query_1103,53,False,6,1.5833333333333335,score,computer_use:type,3
email,email_user_query,email_user_query_1103,53,False,6,1.5833333333333335,score,computer_use:left_click,2
email,email_user_query,email_user_query_1103,53,False,6,1.5833333333333335,score,computer_use:terminate,1
email,email_user_query,email_user_query_1103,54,True,5,4.0,score,computer_use:type,3
email,email_user_query,email_user_query_1103,54,True,5,4.0,score,computer_use:left_click,1
email,email_user_query,email_user_query_1103,54,True,5,4.0,score,computer_use:terminate,1
email,email_user_query,email_user_query_1103,114,True,5,3.6,score,computer_use:type,3
email,email_user_query,email_user_query_1103,114,True,5,3.6,score,computer_use:left_click,1
email,email_user_query,email_user_query_1103,114,True,5,3.6,score,computer_use:terminate,1
email,email_user_query,email_user_query_1103,115,True,6,2.8333333333333335,score,computer_use:type,3
email,email_user_query,email_user_query_1103,115,True,6,2.8333333333333335,score,computer_use:left_click,2
email,email_user_query,email_user_query_1103,115,True,6,2.8333333333333335,score,computer_use:terminate,1
email,email_user_query,email_user_query_1103,116,False,7,1.7142857142857144,score,computer_use:left_click,3
email,email_user_query,email_user_query_1103,116,False,7,1.7142857142857144,score,computer_use:type,3
email,email_user_query,email_user_query_1103,116,False,7,1.7142857142857144,score,computer_use:terminate,1
email,email_user_query,email_user_query_1103,117,True,6,2.6666666666666665,score,computer_use:type,3
email,email_user_query,email_user_query_1103,117,True,6,2.6666666666666665,score,computer_use:left_click,2
email,email_user_query,email_user_query_1103,117,True,6,2.6666666666666665,score,computer_use:terminate,1
email,email_user_query,email_user_query_1103,146,False,6,0.0,score,computer_use:left_click,3
email,email_user_query,email_user_query_1103,146,False,6,0.0,score,computer_use:type,2
email,email_user_query,email_user_query_1103,146,False,6,0.0,score,computer_use:terminate,1
email,email_user_query,email_user_query_1103,147,True,8,2.75,score,computer_use:left_click,4
email,email_user_query,email_user_query_1103,147,True,8,2.75,score,computer_use:type,3
email,email_user_query,email_user_query_1103,147,True,8,2.75,score,computer_use:terminate,1
email,email_user_query,email_user_query_1103,148,True,5,4.0,score,computer_use:type,3
email,email_user_query,email_user_query_1103,148,True,5,4.0,score,computer_use:left_click,1
email,email_user_query,email_user_query_1103,148,True,5,4.0,score,computer_use:terminate,1
email,email_user_query,email_user_query_1103,182,False,6,1.6666666666666665,score,computer_use:type,3
email,email_user_query,email_user_query_1103,182,False,6,1.6666666666666665,score,computer_use:left_click,2
email,email_user_query,email_user_query_1103,182,False,6,1.6666666666666665,score,computer_use:terminate,1
email,email_user_query,email_user_query_1103,207,True,6,2.6666666666666665,score,computer_use:type,3
email,email_user_query,email_user_query_1103,207,True,6,2.6666666666666665,score,computer_use:left_click,2
email,email_user_query,email_user_query_1103,207,True,6,2.6666666666666665,score,computer_use:terminate,1
email,email_user_query,email_user_query_1103,245,True,6,2.6666666666666665,score,computer_use:type,3
email,email_user_query,email_user_query_1103,245,True,6,2.6666666666666665,score,computer_use:left_click,2
email,email_user_query,email_user_query_1103,245,True,6,2.6666666666666665,score,computer_use:terminate,1
email,email_user_query,email_user_query_1103,246,True,8,3.875,score,computer_use:left_click,4
email,email_user_query,email_user_query_1103,246,True,8,3.875,score,computer_use:type,3
email,email_user_query,email_user_query_1103,246,True,8,3.875,score,computer_use:terminate,1
email,email_user_query,email_user_query_1281,12,True,3,2.75,score,computer_use:left_click,2
email,email_user_query,email_user_query_1281,12,True,3,2.75,score,computer_use:terminate,1
email,email_user_query,email_user_query_1281,13,True,4,3.25,score,computer_use:left_click,3
email,email_user_query,email_user_query_1281,13,True,4,3.25,score,computer_use:terminate,1
email,email_user_query,email_user_query_1281,14,False,6,0.0,score,computer_use:left_click,5
email,email_user_query,email_user_query_1281,14,False,6,0.0,score,computer_use:terminate,1
email,email_user_query,email_user_query_1281,15,True,4,2.5,score,computer_use:left_click,3
email,email_user_query,email_user_query_1281,15,True,4,2.5,score,computer_use:terminate,1
email,email_user_query,email_user_query_1281,77,False,6,0.5,score,computer_use:left_click,5
email,email_user_query,email_user_query_1281,77,False,6,0.5,score,computer_use:terminate,1
email,email_user_query,email_user_query_1281,78,True,4,3.5,score,computer_use:left_click,3
email,email_user_query,email_user_query_1281,78,True,4,3.5,score,computer_use:terminate,1
email,email_user_query,email_user_query_1281,108,True,4,3.5,score,computer_use:left_click,3
email,email_user_query,email_user_query_1281,108,True,4,3.5,score,computer_use:terminate,1
email,email_user_query,email_user_query_1281,139,False,4,0.0,score,computer_use:left_click,3
email,email_user_query,email_user_query_1281,139,False,4,0.0,score,computer_use:terminate,1
email,email_user_query,email_user_query_1281,174,False,10,1.55,score,computer_use:left_click,4
email,email_user_query,email_user_query_1281,174,False,10,1.55,score,computer_use:key,3
email,email_user_query,email_user_query_1281,174,False,10,1.55,score,computer_use:history_back,1
email,email_user_query,email_user_query_1281,174,False,10,1.55,score,computer_use:visit_url,1
email,email_user_query,email_user_query_1281,174,False,10,1.55,score,computer_use:terminate,1
email,email_user_query,email_user_query_1281,175,False,17,0.0,score,computer_use:left_click,8
email,email_user_query,email_user_query_1281,175,False,17,0.0,score,computer_use:key,8
email,email_user_query,email_user_query_1281,175,False,17,0.0,score,computer_use:terminate,1
email,email_user_query,email_user_query_1281,176,False,9,1.3611111111111112,score,computer_use:left_click,5
email,email_user_query,email_user_query_1281,176,False,9,1.3611111111111112,score,computer_use:web_search,2
email,email_user_query,email_user_query_1281,176,False,9,1.3611111111111112,score,computer_use:visit_url,1
email,email_user_query,email_user_query_1281,176,False,9,1.3611111111111112,score,computer_use:terminate,1
email,email_user_query,email_user_query_1281,177,True,8,2.75,score,computer_use:left_click,6
email,email_user_query,email_user_query_1281,177,True,8,2.75,score,computer_use:key,1
email,email_user_query,email_user_query_1281,177,True,8,2.75,score,computer_use:terminate,1
email,email_user_query,email_user_query_1281,178,True,7,3.2857142857142856,score,computer_use:left_click,4
email,email_user_query,email_user_query_1281,178,True,7,3.2857142857142856,score,computer_use:key,2
email,email_user_query,email_user_query_1281,178,True,7,3.2857142857142856,score,computer_use:terminate,1
email,email_user_query,email_user_query_1281,204,False,5,0.0,score,computer_use:left_click,3
email,email_user_query,email_user_query_1281,204,False,5,0.0,score,computer_use:type,1
email,email_user_query,email_user_query_1281,204,False,5,0.0,score,computer_use:terminate,1
email,email_user_query,email_user_query_1281,234,True,12,3.125,score,computer_use:left_click,10
email,email_user_query,email_user_query_1281,234,True,12,3.125,score,computer_use:key,1
email,email_user_query,email_user_query_1281,234,True,12,3.125,score,computer_use:terminate,1
email,email_user_query,email_user_query_1281,235,False,4,0.0,score,computer_use:left_click,3
email,email_user_query,email_user_query_1281,235,False,4,0.0,score,computer_use:terminate,1
email,email_user_query,email_user_query_1352,27,True,2,4.0,score,computer_use:type,1
email,email_user_query,email_user_query_1352,27,True,2,4.0,score,computer_use:terminate,1
email,email_user_query,email_user_query_1352,59,True,3,4.0,score,computer_use:type,1
email,email_user_query,email_user_query_1352,59,True,3,4.0,score,computer_use:pause_and_memorize_fact,1
email,email_user_query,email_user_query_1352,59,True,3,4.0,score,computer_use:terminate,1
email,email_user_query,email_user_query_1352,60,True,3,4.0,score,computer_use:type,1
email,email_user_query,email_user_query_1352,60,True,3,4.0,score,computer_use:pause_and_memorize_fact,1
email,email_user_query,email_user_query_1352,60,True,3,4.0,score,computer_use:terminate,1
email,email_user_query,email_user_query_1352,61,False,2,0.0,score,computer_use:type,1
email,email_user_query,email_user_query_1352,61,False,2,0.0,score,computer_use:terminate,1
email,email_user_query,email_user_query_1352,62,True,2,4.0,score,computer_use:type,1
email,email_user_query,email_user_query_1352,62,True,2,4.0,score,computer_use:terminate,1
email,email_user_query,email_user_query_1352,94,True,2,4.0,score,computer_use:type,1
email,email_user_query,email_user_query_1352,94,True,2,4.0,score,computer_use:terminate,1
email,email_user_query,email_user_query_1352,95,True,3,4.0,score,computer_use:left_click,1
email,email_user_query,email_user_query_1352,95,True,3,4.0,score,computer_use:type,1
email,email_user_query,email_user_query_1352,95,True,3,4.0,score,computer_use:terminate,1
email,email_user_query,email_user_query_1352,125,True,2,4.0,score,computer_use:type,1
email,email_user_query,email_user_query_1352,125,True,2,4.0,score,computer_use:terminate,1
email,email_user_query,email_user_query_1352,126,True,3,4.0,score,computer_use:left_click,1
email,email_user_query,email_user_query_1352,126,True,3,4.0,score,computer_use:type,1
email,email_user_query,email_user_query_1352,126,True,3,4.0,score,computer_use:terminate,1
email,email_user_query,email_user_query_1352,127,True,3,4.0,score,computer_use:type,1
email,email_user_query,email_user_query_1352,127,True,3,4.0,score,computer_use:pause_and_memorize_fact,1
email,email_user_query,email_user_query_1352,127,True,3,4.0,score,computer_use:terminate,1
email,email_user_query,email_user_query_1352,155,True,3,2.1666666666666665,score,computer_use:left_click,1
email,email_user_query,email_user_query_1352,155,True,3,2.1666666666666665,score,computer_use:type,1
email,email_user_query,email_user_query_1352,155,True,3,2.1666666666666665,score,computer_use:terminate,1
email,email_user_query,email_user_query_1352,156,True,2,4.0,score,computer_use:type,1
email,email_user_query,email_user_query_1352,156,True,2,4.0,score,computer_use:terminate,1
email,email_user_query,email_user_query_1352,157,False,3,0.0,score,computer_use:left_click,1
email,email_user_query,email_user_query_1352,157,False,3,0.0,score,computer_use:type,1
email,email_user_query,email_user_query_1352,157,False,3,0.0,score,computer_use:terminate,1
email,email_user_query,email_user_query_1352,188,True,2,4.0,score,computer_use:type,1
email,email_user_query,email_user_query_1352,188,True,2,4.0,score,computer_use:terminate,1
email,email_user_query,email_user_query_1352,219,True,2,4.0,score,computer_use:type,1
email,email_user_query,email_user_query_1352,219,True,2,4.0,score,computer_use:terminate,1
email,email_user_query,email_user_query_1352,253,True,3,4.0,score,computer_use:type,1
email,email_user_query,email_user_query_1352,253,True,3,4.0,score,computer_use:pause_and_memorize_fact,1
email,email_user_query,email_user_query_1352,253,True,3,4.0,score,computer_use:terminate,1
email,email_user_query,email_user_query_1354,6,True,4,4.0,score,computer_use:left_click,3
email,email_user_query,email_user_query_1354,6,True,4,4.0,score,computer_use:terminate,1
email,email_user_query,email_user_query_1354,7,True,3,3.6666666666666665,score,computer_use:left_click,2
email,email_user_query,email_user_query_1354,7,True,3,3.6666666666666665,score,computer_use:terminate,1
email,email_user_query,email_user_query_1354,8,False,3,0.0,score,computer_use:left_click,2
email,email_user_query,email_user_query_1354,8,False,3,0.0,score,computer_use:terminate,1
email,email_user_query,email_user_query_1354,9,True,7,3.1607142857142856,score,computer_use:left_click,6
email,email_user_query,email_user_query_1354,9,True,7,3.1607142857142856,score,computer_use:terminate,1
email,email_user_query,email_user_query_1354,40,False,7,1.1428571428571428,score,computer_use:left_click,4
email,email_user_query,email_user_query_1354,40,False,7,1.1428571428571428,score,computer_use:web_search,1
email,email_user_query,email_user_query_1354,40,False,7,1.1428571428571428,score,computer_use:visit_url,1
email,email_user_query,email_user_query_1354,40,False,7,1.1428571428571428,score,computer_use:terminate,1
email,email_user_query,email_user_query_1354,41,False,6,0.0,score,computer_use:left_click,4
email,email_user_query,email_user_query_1354,41,False,6,0.0,score,computer_use:type,1
email,email_user_query,email_user_query_1354,41,False,6,0.0,score,computer_use:terminate,1
email,email_user_query,email_user_query_1354,74,False,4,0.0,score,computer_use:left_click,3
email,email_user_query,email_user_query_1354,74,False,4,0.0,score,computer_use:terminate,1
email,email_user_query,email_user_query_1354,75,True,6,2.1666666666666665,score,computer_use:left_click,5
email,email_user_query,email_user_query_1354,75,True,6,2.1666666666666665,score,computer_use:terminate,1
email,email_user_query,email_user_query_1354,133,True,3,3.3333333333333335,score,computer_use:left_click,2
email,email_user_query,email_user_query_1354,133,True,3,3.3333333333333335,score,computer_use:terminate,1
email,email_user_query,email_user_query_1354,134,False,7,1.875,score,computer_use:left_click,6
email,email_user_query,email_user_query_1354,134,False,7,1.875,score,computer_use:terminate,1
email,email_user_query,email_user_query_1354,171,False,8,0.875,score,computer_use:left_click,7
email,email_user_query,email_user_query_1354,171,False,8,0.875,score,computer_use:terminate,1
email,email_user_query,email_user_query_1354,172,True,5,3.75,score,computer_use:left_click,3
email,email_user_query,email_user_query_1354,172,True,5,3.75,score,computer_use:key,1
email,email_user_query,email_user_query_1354,172,True,5,3.75,score,computer_use:terminate,1
email,email_user_query,email_user_query_1354,200,True,2,4.0,score,computer_use:left_click,1
email,email_user_query,email_user_query_1354,200,True,2,4.0,score,computer_use:terminate,1
email,email_user_query,email_user_query_1354,201,True,4,2.3333333333333335,score,computer_use:left_click,3
email,email_user_query,email_user_query_1354,201,True,4,2.3333333333333335,score,computer_use:terminate,1
email,email_user_query,email_user_query_1354,232,False,5,1.7,score,computer_use:left_click,4
email,email_user_query,email_user_query_1354,232,False,5,1.7,score,computer_use:terminate,1
email,email_user_query,email_user_query_1354,233,True,4,3.5,score,computer_use:left_click,3
email,email_user_query,email_user_query_1354,233,True,4,3.5,score,computer_use:terminate,1
email,email_user_query,email_user_query_21,17,False,3,0.0,score,computer_use:pause_and_memorize_fact,2
email,email_user_query,email_user_query_21,17,False,3,0.0,score,computer_use:terminate,1
email,email_user_query,email_user_query_21,18,True,15,3.2666666666666666,score,computer_use:left_click,8
email,email_user_query,email_user_query_21,18,True,15,3.2666666666666666,score,computer_use:type,2
email,email_user_query,email_user_query_21,18,True,15,3.2666666666666666,score,computer_use:web_search,2
email,email_user_query,email_user_query_21,18,True,15,3.2666666666666666,score,computer_use:visit_url,2
email,email_user_query,email_user_query_21,18,True,15,3.2666666666666666,score,computer_use:terminate,1
email,email_user_query,email_user_query_21,19,False,24,0.20833333333333334,score,computer_use:web_search,10
email,email_user_query,email_user_query_21,19,False,24,0.20833333333333334,score,computer_use:visit_url,8
email,email_user_query,email_user_query_21,19,False,24,0.20833333333333334,score,computer_use:left_click,2
email,email_user_query,email_user_query_21,19,False,24,0.20833333333333334,score,computer_use:type,1
email,email_user_query,email_user_query_21,19,False,24,0.20833333333333334,score,computer_use:scroll,1
email,email_user_query,email_user_query_21,19,False,24,0.20833333333333334,score,computer_use:pause_and_memorize_fact,1
email,email_user_query,email_user_query_21,19,False,24,0.20833333333333334,score,computer_use:terminate,1
email,email_user_query,email_user_query_21,46,False,20,0.3142857142857143,score,computer_use:web_search,16
email,email_user_query,email_user_query_21,46,False,20,0.3142857142857143,score,computer_use:left_click,2
email,email_user_query,email_user_query_21,46,False,20,0.3142857142857143,score,computer_use:pause_and_memorize_fact,1
email,email_user_query,email_user_query_21,46,False,20,0.3142857142857143,score,computer_use:history_back,1
email,email_user_query,email_user_query_21,47,False,28,0.0,score,computer_use:web_search,15
email,email_user_query,email_user_query_21,47,False,28,0.0,score,computer_use:visit_url,10
email,email_user_query,email_user_query_21,47,False,28,0.0,score,computer_use:pause_and_memorize_fact,3
email,email_user_query,email_user_query_21,82,True,11,2.2386363636363638,score,computer_use:web_search,5
email,email_user_query,email_user_query_21,82,True,11,2.2386363636363638,score,computer_use:left_click,2
email,email_user_query,email_user_query_21,82,True,11,2.2386363636363638,score,computer_use:pause_and_memorize_fact,2
email,email_user_query,email_user_query_21,82,True,11,2.2386363636363638,score,computer_use:visit_url,1
email,email_user_query,email_user_query_21,82,True,11,2.2386363636363638,score,computer_use:terminate,1
email,email_user_query,email_user_query_21,83,True,7,3.0,score,computer_use:type,2
email,email_user_query,email_user_query_21,83,True,7,3.0,score,computer_use:left_click,2
email,email_user_query,email_user_query_21,83,True,7,3.0,score,computer_use:pause_and_memorize_fact,1
email,email_user_query,email_user_query_21,83,True,7,3.0,score,computer_use:web_search,1
email,email_user_query,email_user_query_21,83,True,7,3.0,score,computer_use:terminate,1
email,email_user_query,email_user_query_21,84,False,7,0.0,score,computer_use:web_search,4
email,email_user_query,email_user_query_21,84,False,7,0.0,score,computer_use:left_click,2
email,email_user_query,email_user_query_21,84,False,7,0.0,score,computer_use:terminate,1
email,email_user_query,email_user_query_21,85,False,17,1.9117647058823528,score,computer_use:left_click,9
email,email_user_query,email_user_query_21,85,False,17,1.9117647058823528,score,computer_use:type,4
email,email_user_query,email_user_query_21,85,False,17,1.9117647058823528,score,computer_use:web_search,2
email,email_user_query,email_user_query_21,85,False,17,1.9117647058823528,score,computer_use:pause_and_memorize_fact,1
email,email_user_query,email_user_query_21,85,False,17,1.9117647058823528,score,computer_use:terminate,1
email,email_user_query,email_user_query_21,111,False,17,0.4764705882352941,score,computer_use:left_click,11
email,email_user_query,email_user_query_21,111,False,17,0.4764705882352941,score,computer_use:web_search,2
email,email_user_query,email_user_query_21,111,False,17,0.4764705882352941,score,computer_use:visit_url,1
email,email_user_query,email_user_query_21,111,False,17,0.4764705882352941,score,computer_use:key,1
email,email_user_query,email_user_query_21,111,False,17,0.4764705882352941,score,computer_use:type,1
email,email_user_query,email_user_query_21,111,False,17,0.4764705882352941,score,computer_use:terminate,1
email,email_user_query,email_user_query_21,142,True,13,3.4615384615384617,score,computer_use:left_click,5
email,email_user_query,email_user_query_21,142,True,13,3.4615384615384617,score,computer_use:pause_and_memorize_fact,3
email,email_user_query,email_user_query_21,142,True,13,3.4615384615384617,score,computer_use:web_search,3
email,email_user_query,email_user_query_21,142,True,13,3.4615384615384617,score,computer_use:type,1
email,email_user_query,email_user_query_21,142,True,13,3.4615384615384617,score,computer_use:terminate,1
email,email_user_query,email_user_query_21,143,False,5,1.8,score,computer_use:left_click,2
email,email_user_query,email_user_query_21,143,False,5,1.8,score,computer_use:type,1
email,email_user_query,email_user_query_21,143,False,5,1.8,score,computer_use:pause_and_memorize_fact,1
email,email_user_query,email_user_query_21,143,False,5,1.8,score,computer_use:terminate,1
email,email_user_query,email_user_query_21,240,True,6,2.6666666666666665,score,computer_use:left_click,2
email,email_user_query,email_user_query_21,240,True,6,2.6666666666666665,score,computer_use:pause_and_memorize_fact,2
email,email_user_query,email_user_query_21,240,True,6,2.6666666666666665,score,computer_use:type,1
email,email_user_query,email_user_query_21,240,True,6,2.6666666666666665,score,computer_use:terminate,1
email,email_user_query,email_user_query_21,241,False,10,0.65,score,computer_use:web_search,4
email,email_user_query,email_user_query_21,241,False,10,0.65,score,computer_use:visit_url,3
email,email_user_query,email_user_query_21,241,False,10,0.65,score,computer_use:left_click,2
email,email_user_query,email_user_query_21,241,False,10,0.65,score,computer_use:terminate,1
email,email_user_query,email_user_query_21,242,False,22,1.2727272727272727,score,computer_use:web_search,7
email,email_user_query,email_user_query_21,242,False,22,1.2727272727272727,score,computer_use:visit_url,7
email,email_user_query,email_user_query_21,242,False,22,1.2727272727272727,score,computer_use:left_click,3
email,email_user_query,email_user_query_21,242,False,22,1.2727272727272727,score,computer_use:type,2
email,email_user_query,email_user_query_21,242,False,22,1.2727272727272727,score,computer_use:pause_and_memorize_fact,1
email,email_user_query,email_user_query_21,242,False,22,1.2727272727272727,score,computer_use:scroll,1
email,email_user_query,email_user_query_21,242,False,22,1.2727272727272727,score,computer_use:terminate,1
email,email_user_query,email_user_query_21,243,False,27,1.0,score,computer_use:web_search,18
email,email_user_query,email_user_query_21,243,False,27,1.0,score,computer_use:history_back,4
email,email_user_query,email_user_query_21,243,False,27,1.0,score,computer_use:visit_url,3
email,email_user_query,email_user_query_21,243,False,27,1.0,score,computer_use:left_click,1
email,email_user_query,email_user_query_21,243,False,27,1.0,score,computer_use:terminate,1
email,email_user_query,email_user_query_905,16,False,1,1.0,score,computer_use:terminate,1
email,email_user_query,email_user_query_905,44,False,1,0.0,score,computer_use:terminate,1
email,email_user_query,email_user_query_905,45,True,1,3.0,score,computer_use:terminate,1
email,email_user_query,email_user_query_905,79,False,1,0.0,score,computer_use:terminate,1
email,email_user_query,email_user_query_905,80,True,1,3.0,score,computer_use:terminate,1
email,email_user_query,email_user_query_905,81,True,1,3.0,score,computer_use:terminate,1
email,email_user_query,email_user_query_905,109,False,1,0.0,score,computer_use:terminate,1
email,email_user_query,email_user_query_905,110,True,4,3.5,score,computer_use:left_click,2
email,email_user_query,email_user_query_905,110,True,4,3.5,score,computer_use:type,1
email,email_user_query,email_user_query_905,110,True,4,3.5,score,computer_use:terminate,1
email,email_user_query,email_user_query_905,140,True,4,4.0,score,computer_use:left_click,2
email,email_user_query,email_user_query_905,140,True,4,4.0,score,computer_use:type,1
email,email_user_query,email_user_query_905,140,True,4,4.0,score,computer_use:terminate,1
email,email_user_query,email_user_query_905,141,False,1,0.0,score,computer_use:terminate,1
email,email_user_query,email_user_query_905,179,False,5,0.0,score,computer_use:left_click,3
email,email_user_query,email_user_query_905,179,False,5,0.0,score,computer_use:type,1
email,email_user_query,email_user_query_905,179,False,5,0.0,score,computer_use:key,1
email,email_user_query,email_user_query_905,236,True,1,2.0,score,computer_use:terminate,1
email,email_user_query,email_user_query_905,237,True,1,3.0,score,computer_use:terminate,1
email,email_user_query,email_user_query_905,238,False,1,0.8,score,computer_use:terminate,1
email,email_user_query,email_user_query_905,239,False,1,0.0,score,computer_use:terminate,1
uber,uber_user_query,uber_user_query_436,28,True,27,2.3935185185185186,score,computer_use:left_click,17
uber,uber_user_query,uber_user_query_436,28,True,27,2.3935185185185186,score,computer_use:key,4
uber,uber_user_query,uber_user_query_436,28,True,27,2.3935185185185186,score,computer_use:type,3
uber,uber_user_query,uber_user_query_436,28,True,27,2.3935185185185186,score,computer_use:wait,1
uber,uber_user_query,uber_user_query_436,28,True,27,2.3935185185185186,score,computer_use:mouse_move,1
uber,uber_user_query,uber_user_query_436,28,True,27,2.3935185185185186,score,computer_use:terminate,1
uber,uber_user_query,uber_user_query_436,29,True,26,2.623076923076923,score,computer_use:left_click,11
uber,uber_user_query,uber_user_query_436,29,True,26,2.623076923076923,score,computer_use:wait,6
uber,uber_user_query,uber_user_query_436,29,True,26,2.623076923076923,score,computer_use:type,2
uber,uber_user_query,uber_user_query_436,29,True,26,2.623076923076923,score,computer_use:mouse_move,2
uber,uber_user_query,uber_user_query_436,29,True,26,2.623076923076923,score,computer_use:key,2
uber,uber_user_query,uber_user_query_436,29,True,26,2.623076923076923,score,computer_use:history_back,2
uber,uber_user_query,uber_user_query_436,29,True,26,2.623076923076923,score,computer_use:terminate,1
uber,uber_user_query,uber_user_query_436,30,True,16,2.625,score,computer_use:left_click,8
uber,uber_user_query,uber_user_query_436,30,True,16,2.625,score,computer_use:type,3
uber,uber_user_query,uber_user_query_436,30,True,16,2.625,score,computer_use:wait,3
uber,uber_user_query,uber_user_query_436,30,True,16,2.625,score,computer_use:scroll,1
uber,uber_user_query,uber_user_query_436,30,True,16,2.625,score,computer_use:terminate,1
uber,uber_user_query,uber_user_query_436,31,True,18,2.9,score,computer_use:left_click,8
uber,uber_user_query,uber_user_query_436,31,True,18,2.9,score,computer_use:wait,4
uber,uber_user_query,uber_user_query_436,31,True,18,2.9,score,computer_use:type,2
uber,uber_user_query,uber_user_query_436,31,True,18,2.9,score,computer_use:scroll,2
uber,uber_user_query,uber_user_query_436,31,True,18,2.9,score,computer_use:mouse_move,1
uber,uber_user_query,uber_user_query_436,31,True,18,2.9,score,computer_use:terminate,1
uber,uber_user_query,uber_user_query_436,63,True,24,2.5416666666666665,score,computer_use:left_click,9
uber,uber_user_query,uber_user_query_436,63,True,24,2.5416666666666665,score,computer_use:scroll,7
uber,uber_user_query,uber_user_query_436,63,True,24,2.5416666666666665,score,computer_use:wait,4
uber,uber_user_query,uber_user_query_436,63,True,24,2.5416666666666665,score,computer_use:type,3
uber,uber_user_query,uber_user_query_436,63,True,24,2.5416666666666665,score,computer_use:terminate,1
uber,uber_user_query,uber_user_query_436,158,False,15,0.35384615384615387,score,computer_use:type,5
uber,uber_user_query,uber_user_query_436,158,False,15,0.35384615384615387,score,computer_use:visit_url,3
uber,uber_user_query,uber_user_query_436,158,False,15,0.35384615384615387,score,computer_use:left_click,2
uber,uber_user_query,uber_user_query_436,158,False,15,0.35384615384615387,score,computer_use:web_search,2
uber,uber_user_query,uber_user_query_436,158,False,15,0.35384615384615387,score,computer_use:history_back,2
uber,uber_user_query,uber_user_query_436,158,False,15,0.35384615384615387,score,computer_use:terminate,1
uber,uber_user_query,uber_user_query_436,159,False,30,1.5,score,computer_use:left_click,14
uber,uber_user_query,uber_user_query_436,159,False,30,1.5,score,computer_use:wait,8
uber,uber_user_query,uber_user_query_436,159,False,30,1.5,score,computer_use:visit_url,3
uber,uber_user_query,uber_user_query_436,159,False,30,1.5,score,computer_use:type,2
uber,uber_user_query,uber_user_query_436,159,False,30,1.5,score,computer_use:scroll,2
uber,uber_user_query,uber_user_query_436,159,False,30,1.5,score,computer_use:mouse_move,1
uber,uber_user_query,uber_user_query_436,189,True,28,2.3214285714285716,score,computer_use:left_click,15
uber,uber_user_query,uber_user_query_436,189,True,28,2.3214285714285716,score,computer_use:wait,6
uber,uber_user_query,uber_user_query_436,189,True,28,2.3214285714285716,score,computer_use:type,3
uber,uber_user_query,uber_user_query_436,189,True,28,2.3214285714285716,score,computer_use:visit_url,1
uber,uber_user_query,uber_user_query_436,189,True,28,2.3214285714285716,score,computer_use:mouse_move,1
uber,uber_user_query,uber_user_query_436,189,True,28,2.3214285714285716,score,computer_use:scroll,1
uber,uber_user_query,uber_user_query_436,189,True,28,2.3214285714285716,score,computer_use:terminate,1
uber,uber_user_query,uber_user_query_436,190,True,23,3.744565217391304,score,computer_use:left_click,12
uber,uber_user_query,uber_user_query_436,190,True,23,3.744565217391304,score,computer_use:wait,5
uber,uber_user_query,uber_user_query_436,190,True,23,3.744565217391304,score,computer_use:type,2
uber,uber_user_query,uber_user_query_436,190,True,23,3.744565217391304,score,computer_use:scroll,2
uber,uber_user_query,uber_user_query_436,190,True,23,3.744565217391304,score,computer_use:mouse_move,1
uber,uber_user_query,uber_user_query_436,190,True,23,3.744565217391304,score,computer_use:terminate,1
uber,uber_user_query,uber_user_query_436,191,False,27,1.1296296296296298,score,computer_use:left_click,12
uber,uber_user_query,uber_user_query_436,191,False,27,1.1296296296296298,score,computer_use:web_search,5
uber,uber_user_query,uber_user_query_436,191,False,27,1.1296296296296298,score,computer_use:visit_url,3
uber,uber_user_query,uber_user_query_436,191,False,27,1.1296296296296298,score,computer_use:type,2
uber,uber_user_query,uber_user_query_436,191,False,27,1.1296296296296298,score,computer_use:history_back,2
uber,uber_user_query,uber_user_query_436,191,False,27,1.1296296296296298,score,computer_use:scroll,1
uber,uber_user_query,uber_user_query_436,191,False,27,1.1296296296296298,score,computer_use:pause_and_memorize_fact,1
uber,uber_user_query,uber_user_query_436,191,False,27,1.1296296296296298,score,computer_use:terminate,1
uber,uber_user_query,uber_user_query_436,220,True,16,2.375,score,computer_use:left_click,8
uber,uber_user_query,uber_user_query_436,220,True,16,2.375,score,computer_use:type,2
uber,uber_user_query,uber_user_query_436,220,True,16,2.375,score,computer_use:wait,2
uber,uber_user_query,uber_user_query_436,220,True,16,2.375,score,computer_use:scroll,2
uber,uber_user_query,uber_user_query_436,220,True,16,2.375,score,computer_use:mouse_move,1
uber,uber_user_query,uber_user_query_436,220,True,16,2.375,score,computer_use:terminate,1
uber,uber_user_query,uber_user_query_436,221,False,30,0.0,score,computer_use:left_click,17
uber,uber_user_query,uber_user_query_436,221,False,30,0.0,score,computer_use:type,4
uber,uber_user_query,uber_user_query_436,221,False,30,0.0,score,computer_use:wait,4
uber,uber_user_query,uber_user_query_436,221,False,30,0.0,score,computer_use:key,4
uber,uber_user_query,uber_user_query_436,221,False,30,0.0,score,computer_use:mouse_move,1
uber,uber_user_query,uber_user_query_436,222,False,30,1.0833333333333335,score,computer_use:left_click,17
uber,uber_user_query,uber_user_query_436,222,False,30,1.0833333333333335,score,computer_use:key,4
uber,uber_user_query,uber_user_query_436,222,False,30,1.0833333333333335,score,computer_use:scroll,3
uber,uber_user_query,uber_user_query_436,222,False,30,1.0833333333333335,score,computer_use:type,2
uber,uber_user_query,uber_user_query_436,222,False,30,1.0833333333333335,score,computer_use:history_back,1
uber,uber_user_query,uber_user_query_436,222,False,30,1.0833333333333335,score,computer_use:wait,1
uber,uber_user_query,uber_user_query_436,222,False,30,1.0833333333333335,score,computer_use:mouse_move,1
uber,uber_user_query,uber_user_query_436,222,False,30,1.0833333333333335,score,computer_use:visit_url,1
uber,uber_user_query,uber_user_query_436,223,True,20,2.75,score,computer_use:left_click,11
uber,uber_user_query,uber_user_query_436,223,True,20,2.75,score,computer_use:type,3
uber,uber_user_query,uber_user_query_436,223,True,20,2.75,score,computer_use:wait,3
uber,uber_user_query,uber_user_query_436,223,True,20,2.75,score,computer_use:mouse_move,1
uber,uber_user_query,uber_user_query_436,223,True,20,2.75,score,computer_use:scroll,1
uber,uber_user_query,uber_user_query_436,223,True,20,2.75,score,computer_use:terminate,1
uber,uber_user_query,uber_user_query_436,254,True,18,2.5666666666666664,score,computer_use:left_click,11
uber,uber_user_query,uber_user_query_436,254,True,18,2.5666666666666664,score,computer_use:type,2
uber,uber_user_query,uber_user_query_436,254,True,18,2.5666666666666664,score,computer_use:key,2
uber,uber_user_query,uber_user_query_436,254,True,18,2.5666666666666664,score,computer_use:wait,1
uber,uber_user_query,uber_user_query_436,254,True,18,2.5666666666666664,score,computer_use:mouse_move,1
uber,uber_user_query,uber_user_query_436,254,True,18,2.5666666666666664,score,computer_use:terminate,1
uber,uber_user_query,uber_user_query_436,255,False,30,0.0,score,computer_use:left_click,20
uber,uber_user_query,uber_user_query_436,255,False,30,0.0,score,computer_use:type,3
uber,uber_user_query,uber_user_query_436,255,False,30,0.0,score,computer_use:visit_url,3
uber,uber_user_query,uber_user_query_436,255,False,30,0.0,score,computer_use:key,2
uber,uber_user_query,uber_user_query_436,255,False,30,0.0,score,computer_use:wait,1
uber,uber_user_query,uber_user_query_436,255,False,30,0.0,score,computer_use:mouse_move,1
uber,uber_user_query,uber_user_query_807,0,False,19,0.0,score,computer_use:web_search,13
uber,uber_user_query,uber_user_query_807,0,False,19,0.0,score,computer_use:scroll,3
uber,uber_user_query,uber_user_query_807,0,False,19,0.0,score,computer_use:visit_url,2
uber,uber_user_query,uber_user_query_807,0,False,19,0.0,score,computer_use:terminate,1
uber,uber_user_query,uber_user_query_807,1,False,28,1.0714285714285714,score,computer_use:visit_url,13
uber,uber_user_query,uber_user_query_807,1,False,28,1.0714285714285714,score,computer_use:web_search,12
uber,uber_user_query,uber_user_query_807,1,False,28,1.0714285714285714,score,computer_use:history_back,2
uber,uber_user_query,uber_user_query_807,1,False,28,1.0714285714285714,score,computer_use:terminate,1
uber,uber_user_query,uber_user_query_807,32,False,30,0.0,score,computer_use:web_search,18
uber,uber_user_query,uber_user_query_807,32,False,30,0.0,score,computer_use:visit_url,11
uber,uber_user_query,uber_user_query_807,32,False,30,0.0,score,computer_use:history_back,1
uber,uber_user_query,uber_user_query_807,64,False,30,0.8666666666666667,score,computer_use:web_search,25
uber,uber_user_query,uber_user_query_807,64,False,30,0.8666666666666667,score,computer_use:visit_url,3
uber,uber_user_query,uber_user_query_807,64,False,30,0.8666666666666667,score,computer_use:history_back,2
uber,uber_user_query,uber_user_query_807,65,False,7,0.75,score,computer_use:web_search,4
uber,uber_user_query,uber_user_query_807,65,False,7,0.75,score,computer_use:type,1
uber,uber_user_query,uber_user_query_807,65,False,7,0.75,score,computer_use:history_back,1
uber,uber_user_query,uber_user_query_807,65,False,7,0.75,score,computer_use:terminate,1
uber,uber_user_query,uber_user_query_807,96,True,15,2.3333333333333335,score,computer_use:web_search,13
uber,uber_user_query,uber_user_query_807,96,True,15,2.3333333333333335,score,computer_use:visit_url,1
uber,uber_user_query,uber_user_query_807,96,True,15,2.3333333333333335,score,computer_use:terminate,1
uber,uber_user_query,uber_user_query_807,97,False,24,0.75,score,computer_use:web_search,22
uber,uber_user_query,uber_user_query_807,97,False,24,0.75,score,computer_use:history_back,1
uber,uber_user_query,uber_user_query_807,97,False,24,0.75,score,computer_use:terminate,1
uber,uber_user_query,uber_user_query_807,128,False,30,0.6,score,computer_use:web_search,24
uber,uber_user_query,uber_user_query_807,128,False,30,0.6,score,computer_use:visit_url,5
uber,uber_user_query,uber_user_query_807,128,False,30,0.6,score,computer_use:history_back,1
uber,uber_user_query,uber_user_query_807,160,False,26,0.20512820512820512,score,computer_use:web_search,22
uber,uber_user_query,uber_user_query_807,160,False,26,0.20512820512820512,score,computer_use:history_back,2
uber,uber_user_query,uber_user_query_807,160,False,26,0.20512820512820512,score,computer_use:visit_url,1
uber,uber_user_query,uber_user_query_807,160,False,26,0.20512820512820512,score,computer_use:terminate,1
uber,uber_user_query,uber_user_query_807,161,False,7,0.7142857142857143,score,computer_use:web_search,6
uber,uber_user_query,uber_user_query_807,161,False,7,0.7142857142857143,score,computer_use:visit_url,1
uber,uber_user_query,uber_user_query_807,162,False,3,1.0,score,computer_use:web_search,2
uber,uber_user_query,uber_user_query_807,162,False,3,1.0,score,computer_use:terminate,1
uber,uber_user_query,uber_user_query_807,163,False,6,1.5,score,computer_use:web_search,4
uber,uber_user_query,uber_user_query_807,163,False,6,1.5,score,computer_use:history_back,1
uber,uber_user_query,uber_user_query_807,163,False,6,1.5,score,computer_use:terminate,1
uber,uber_user_query,uber_user_query_807,164,False,30,0.4666666666666667,score,computer_use:web_search,29
uber,uber_user_query,uber_user_query_807,164,False,30,0.4666666666666667,score,computer_use:history_back,1
uber,uber_user_query,uber_user_query_807,192,False,30,0.36666666666666664,score,computer_use:web_search,24
uber,uber_user_query,uber_user_query_807,192,False,30,0.36666666666666664,score,computer_use:visit_url,5
uber,uber_user_query,uber_user_query_807,192,False,30,0.36666666666666664,score,computer_use:left_click,1
uber,uber_user_query,uber_user_query_807,193,False,21,1.0119047619047619,score,computer_use:web_search,17
uber,uber_user_query,uber_user_query_807,193,False,21,1.0119047619047619,score,computer_use:visit_url,3
uber,uber_user_query,uber_user_query_807,193,False,21,1.0119047619047619,score,computer_use:terminate,1
uber,uber_user_query,uber_user_query_807,224,False,17,1.0882352941176472,score,computer_use:web_search,14
uber,uber_user_query,uber_user_query_807,224,False,17,1.0882352941176472,score,computer_use:visit_url,2
uber,uber_user_query,uber_user_query_807,224,False,17,1.0882352941176472,score,computer_use:terminate,1
